<?xml version="1.0" encoding="utf-8"?>
<metadata>
    <layout title="COM_HY_SCHEMA_TITLE_ITEM_VIEW_SCHEMA" option="View">
        <message>
                        <![CDATA[COM_HY_SCHEMA_TITLE_ITEM_VIEW_SCHEMA_DESC]]>
        </message>
    </layout>
    <fields name="request">
        <fieldset name="request" label="COM_HY_SCHEMA_FIELDSET_ITEM_ID_SELECT_LABEL">
            <field name="id" query="SELECT 'Please select a Item' as `id`" type="sql" key_field="id" value_field="id" label="COM_HY_SCHEMA_ITEM_ID_SELECT_LABEL" require="true" description="JGLOBAL_SHOW_TITLE_DESC">
            </field>
        </fieldset>
    </fields>
</metadata>
