<?xml version="1.0" encoding="utf-8"?>
<extension type="plugin" group="webservices" method="upgrade">
    <name>PLG_WEBSERVICES_PLG_RA_DEVELOP</name>
    <author>Charlie Bigley</author>
    <creationDate>21 Feb 2026</creationDate>
    <copyright>2026 Charlie Bigley</copyright>
    <license>GNU General Public License version 2 or later; see LICENSE.txt</license>
    <authorEmail>charlie@bigley.me.uk</authorEmail>
    <authorUrl>http://</authorUrl>
    <version>1.0.7</version>
    <description>PLG_WEBSERVICES_PLG_RA_DEVELOP_XML_DESCRIPTION</description>
    <namespace path="src">Ramblers\Plugin\WebServices\Ra_develop</namespace>
    <files>
        <folder plugin="ra_develop">services</folder>
        <folder>src</folder>
    </files>
    <languages>
        <language tag="en-GB">language/en-GB/plg_webservices_ra_develop.ini</language>
        <language tag="en-GB">language/en-GB/plg_webservices_ra_develop.sys.ini</language>
    </languages>
</extension>
