<?xml version="1.0" encoding="utf-8"?>
<extension type="component" version="4.0" method="upgrade">
    <name>RA Develop</name>
    <element>com_ra_develop</element>    
    <creationDate>2026-02-28</creationDate>
    <copyright>2026 Charlie Bigley</copyright>
    <license>GNU General Public License version 2 or later; see LICENSE.txt</license>
    <author>Charlie Bigley</author>
    <authorEmail>charlie@bigley.me.uk</authorEmail>
    <authorUrl>http://</authorUrl>
    <version>2.0.0</version>
    <description>Tools to assist development process</description>
    <namespace path="src">Ramblers\Component\Ra_develop</namespace>
    <namespace path="api/src">Ramblers\Component\Ra_develop\Api</namespace>
     
    <install> <!-- Runs on install -->
        <sql>
            <file driver="mysql" charset="utf8">sql/install.mysql.utf8.sql</file>
        </sql>
    </install>
    <update> <!-- Runs on update -->
        <schemas>
            <schemapath type="mysql">sql/updates</schemapath>
        </schemas>
    </update>
    <uninstall> <!-- Runs on uninstall -->
        <sql>
            <file driver="mysql" charset="utf8">sql/uninstall.mysql.utf8.sql</file>
        </sql>
    </uninstall>
    <files folder="site">        
        <folder>forms</folder>
        <folder>languages</folder>
        <folder>src</folder>
        <folder>tmpl</folder>       
    </files>
    <media destination="com_ra_develop" folder="media">
        <folder>css</folder>
        <folder>js</folder>
        <filename>joomla.asset.json</filename>
    </media>
    <languages folder="site/languages">      
			<language tag="en-GB">en-GB/com_ra_develop.ini</language>
    </languages>
    <administration>
        <menu link="option=com_ra_develop&amp;view=builds">RA Develop</menu>

        <files folder="administrator">
            <filename>access.xml</filename>
            <filename>config.xml</filename>
            <folder>assets</folder>
            <folder>forms</folder>
            <folder>languages</folder>
            <folder>presets</folder>
            <folder>services</folder>         
            <folder>sql</folder>
            <folder>src</folder>
            <folder>tmpl</folder>
        </files>
        <languages folder="administrator/languages">         
			<language tag="en-GB">en-GB/com_ra_develop.ini</language>
			<language tag="en-GB">en-GB/com_ra_develop.sys.ini</language>
        </languages>
    </administration>
    <api>
        <files folder="api">
            <folder>src</folder>
        </files>
    </api>
    <config>
        <fields name="params">
            <fieldset name="component">
                <field name="save_history" default="0" />
            </fieldset>
        </fields>
    </config>
    <plugins>
    </plugins>
    

    <updateservers>
        <server type="extension" priority="1" name="com_ra_develop">https://nocdn.component-creator.com/index.php?task=builder.preupdatecheckhook&amp;option=com_combuilder&amp;component=NzU3NTctMjE2NjI3</server>
    </updateservers>
</extension>
<!-- Component built by the Joomla Component Creator -->
<!-- http://www.component-creator.com/ -->
